CREATE TABLE COUNTRY
(
	COUNTRY_ID Integer NOT NULL,
	COUNTRY_NAME VARCHAR(100),
	PRIMARY KEY (COUNTRY_ID) 
);

 
CREATE TABLE STATE
(
	STATE_ID INTEGER CONSTRAINT COUNTRY_PK PRIMARY KEY,
	COUNTRY_ID INTEGER NOT NULL,
	STATE_NAME VARCHAR(100),
	FOREIGN KEY (COUNTRY_ID)
	REFERENCES COUNTRY (COUNTRY_ID)
);

CREATE TABLE CITY
(
	CITY_ID INTEGER CONSTRAINT CITY_PK PRIMARY KEY,
	STATE_ID INTEGER NOT NULL,
	CITY_NAME VARCHAR(100),
	FOREIGN KEY (STATE_ID)
	REFERENCES STATE (STATE_ID)
);


SELECT * FROM COUNTRY;
INSERT INTO COUNTRY(COUNTRY_ID,COUNTRY_NAME) VALUES(1,'COUNTRY-1');
INSERT INTO COUNTRY(COUNTRY_ID,COUNTRY_NAME) VALUES(2,'COUNTRY-2');
INSERT INTO COUNTRY(COUNTRY_ID,COUNTRY_NAME) VALUES(3,'COUNTRY-3');
INSERT INTO COUNTRY(COUNTRY_ID,COUNTRY_NAME) VALUES(4,'COUNTRY-4');
INSERT INTO COUNTRY(COUNTRY_ID,COUNTRY_NAME) VALUES(5,'COUNTRY-5');


SELECT * FROM STATE;
INSERT INTO STATE(STATE_ID,COUNTRY_ID,STATE_NAME) VALUES(1,1,'1-STATE-1');
INSERT INTO STATE(STATE_ID,COUNTRY_ID,STATE_NAME) VALUES(2,1,'1-STATE-2');
INSERT INTO STATE(STATE_ID,COUNTRY_ID,STATE_NAME) VALUES(3,1,'1-STATE-3');
INSERT INTO STATE(STATE_ID,COUNTRY_ID,STATE_NAME) VALUES(4,1,'1-STATE-4');
INSERT INTO STATE(STATE_ID,COUNTRY_ID,STATE_NAME) VALUES(5,1,'1-STATE-5');


INSERT INTO STATE(STATE_ID,COUNTRY_ID,STATE_NAME) VALUES(6,2,'2-STATE-1');
INSERT INTO STATE(STATE_ID,COUNTRY_ID,STATE_NAME) VALUES(7,2,'2-STATE-2');
INSERT INTO STATE(STATE_ID,COUNTRY_ID,STATE_NAME) VALUES(8,2,'2-STATE-3');
INSERT INTO STATE(STATE_ID,COUNTRY_ID,STATE_NAME) VALUES(9,2,'2-STATE-4');
INSERT INTO STATE(STATE_ID,COUNTRY_ID,STATE_NAME) VALUES(10,2,'2-STATE-5');

INSERT INTO STATE(STATE_ID,COUNTRY_ID,STATE_NAME) VALUES(11,3,'3-STATE-1');
INSERT INTO STATE(STATE_ID,COUNTRY_ID,STATE_NAME) VALUES(12,3,'3-STATE-2');
INSERT INTO STATE(STATE_ID,COUNTRY_ID,STATE_NAME) VALUES(13,3,'3-STATE-3');
INSERT INTO STATE(STATE_ID,COUNTRY_ID,STATE_NAME) VALUES(14,3,'3-STATE-4');
INSERT INTO STATE(STATE_ID,COUNTRY_ID,STATE_NAME) VALUES(15,3,'3-STATE-5');

INSERT INTO STATE(STATE_ID,COUNTRY_ID,STATE_NAME) VALUES(16,4,'4-STATE-1');
INSERT INTO STATE(STATE_ID,COUNTRY_ID,STATE_NAME) VALUES(17,4,'4-STATE-2');
INSERT INTO STATE(STATE_ID,COUNTRY_ID,STATE_NAME) VALUES(18,4,'4-STATE-3');
INSERT INTO STATE(STATE_ID,COUNTRY_ID,STATE_NAME) VALUES(19,4,'4-STATE-4');
INSERT INTO STATE(STATE_ID,COUNTRY_ID,STATE_NAME) VALUES(20,4,'4-STATE-5');


INSERT INTO STATE(STATE_ID,COUNTRY_ID,STATE_NAME) VALUES(21,5,'5-STATE-1');
INSERT INTO STATE(STATE_ID,COUNTRY_ID,STATE_NAME) VALUES(22,5,'5-STATE-2');
INSERT INTO STATE(STATE_ID,COUNTRY_ID,STATE_NAME) VALUES(23,5,'5-STATE-3');
INSERT INTO STATE(STATE_ID,COUNTRY_ID,STATE_NAME) VALUES(24,5,'5-STATE-4');
INSERT INTO STATE(STATE_ID,COUNTRY_ID,STATE_NAME) VALUES(25,5,'5-STATE-5');

SELECT count(*) FROM CITY where STATE_ID = 4

INSERT INTO CITY(CITY_ID,STATE_ID,CITY_NAME) VALUES(1,1,'1-CITY-1');
INSERT INTO CITY(CITY_ID,STATE_ID,CITY_NAME) VALUES(2,1,'1-CITY-2');
INSERT INTO CITY(CITY_ID,STATE_ID,CITY_NAME) VALUES(3,1,'1-CITY-3');
INSERT INTO CITY(CITY_ID,STATE_ID,CITY_NAME) VALUES(4,1,'1-CITY-4');
INSERT INTO CITY(CITY_ID,STATE_ID,CITY_NAME) VALUES(5,1,'1-CITY-5');
INSERT INTO CITY(CITY_ID,STATE_ID,CITY_NAME) VALUES(6,2,'2-CITY-1');
INSERT INTO CITY(CITY_ID,STATE_ID,CITY_NAME) VALUES(7,2,'2-CITY-2');
INSERT INTO CITY(CITY_ID,STATE_ID,CITY_NAME) VALUES(8,2,'2-CITY-3');
INSERT INTO CITY(CITY_ID,STATE_ID,CITY_NAME) VALUES(9,2,'2-CITY-4');
INSERT INTO CITY(CITY_ID,STATE_ID,CITY_NAME) VALUES(10,2,'2-CITY-5');
INSERT INTO CITY(CITY_ID,STATE_ID,CITY_NAME) VALUES(11,3,'3-CITY-1');
INSERT INTO CITY(CITY_ID,STATE_ID,CITY_NAME) VALUES(12,3,'3-CITY-2');
INSERT INTO CITY(CITY_ID,STATE_ID,CITY_NAME) VALUES(13,3,'3-CITY-3');
INSERT INTO CITY(CITY_ID,STATE_ID,CITY_NAME) VALUES(14,3,'3-CITY-4');
INSERT INTO CITY(CITY_ID,STATE_ID,CITY_NAME) VALUES(15,3,'3-CITY-5');
INSERT INTO CITY(CITY_ID,STATE_ID,CITY_NAME) VALUES(16,4,'4-CITY-1');
INSERT INTO CITY(CITY_ID,STATE_ID,CITY_NAME) VALUES(17,4,'4-CITY-2');
INSERT INTO CITY(CITY_ID,STATE_ID,CITY_NAME) VALUES(18,4,'4-CITY-3');
INSERT INTO CITY(CITY_ID,STATE_ID,CITY_NAME) VALUES(19,4,'4-CITY-4');
INSERT INTO CITY(CITY_ID,STATE_ID,CITY_NAME) VALUES(20,4,'4-CITY-5');
INSERT INTO CITY(CITY_ID,STATE_ID,CITY_NAME) VALUES(21,5,'5-CITY-1');
INSERT INTO CITY(CITY_ID,STATE_ID,CITY_NAME) VALUES(22,5,'5-CITY-2');
INSERT INTO CITY(CITY_ID,STATE_ID,CITY_NAME) VALUES(23,5,'5-CITY-3');
INSERT INTO CITY(CITY_ID,STATE_ID,CITY_NAME) VALUES(24,5,'5-CITY-4');
INSERT INTO CITY(CITY_ID,STATE_ID,CITY_NAME) VALUES(25,5,'5-CITY-5');
INSERT INTO CITY(CITY_ID,STATE_ID,CITY_NAME) VALUES(26,6,'6-CITY-1');
INSERT INTO CITY(CITY_ID,STATE_ID,CITY_NAME) VALUES(27,6,'6-CITY-2');
INSERT INTO CITY(CITY_ID,STATE_ID,CITY_NAME) VALUES(28,6,'6-CITY-3');
INSERT INTO CITY(CITY_ID,STATE_ID,CITY_NAME) VALUES(29,6,'6-CITY-4');
INSERT INTO CITY(CITY_ID,STATE_ID,CITY_NAME) VALUES(30,6,'6-CITY-5');
INSERT INTO CITY(CITY_ID,STATE_ID,CITY_NAME) VALUES(31,7,'7-CITY-1');
INSERT INTO CITY(CITY_ID,STATE_ID,CITY_NAME) VALUES(32,7,'7-CITY-2');
INSERT INTO CITY(CITY_ID,STATE_ID,CITY_NAME) VALUES(33,7,'7-CITY-3');
INSERT INTO CITY(CITY_ID,STATE_ID,CITY_NAME) VALUES(34,7,'7-CITY-4');
INSERT INTO CITY(CITY_ID,STATE_ID,CITY_NAME) VALUES(35,7,'7-CITY-5');
INSERT INTO CITY(CITY_ID,STATE_ID,CITY_NAME) VALUES(36,8,'8-CITY-1');
INSERT INTO CITY(CITY_ID,STATE_ID,CITY_NAME) VALUES(37,8,'8-CITY-2');
INSERT INTO CITY(CITY_ID,STATE_ID,CITY_NAME) VALUES(38,8,'8-CITY-3');
INSERT INTO CITY(CITY_ID,STATE_ID,CITY_NAME) VALUES(39,8,'8-CITY-4');
INSERT INTO CITY(CITY_ID,STATE_ID,CITY_NAME) VALUES(40,8,'8-CITY-5');
INSERT INTO CITY(CITY_ID,STATE_ID,CITY_NAME) VALUES(41,9,'9-CITY-1');
INSERT INTO CITY(CITY_ID,STATE_ID,CITY_NAME) VALUES(42,9,'9-CITY-2');
INSERT INTO CITY(CITY_ID,STATE_ID,CITY_NAME) VALUES(43,9,'9-CITY-3');
INSERT INTO CITY(CITY_ID,STATE_ID,CITY_NAME) VALUES(44,9,'9-CITY-4');
INSERT INTO CITY(CITY_ID,STATE_ID,CITY_NAME) VALUES(45,9,'9-CITY-5');
INSERT INTO CITY(CITY_ID,STATE_ID,CITY_NAME) VALUES(46,10,'10-CITY-1');
INSERT INTO CITY(CITY_ID,STATE_ID,CITY_NAME) VALUES(47,10,'10-CITY-2');
INSERT INTO CITY(CITY_ID,STATE_ID,CITY_NAME) VALUES(48,10,'10-CITY-3');
INSERT INTO CITY(CITY_ID,STATE_ID,CITY_NAME) VALUES(49,10,'10-CITY-4');
INSERT INTO CITY(CITY_ID,STATE_ID,CITY_NAME) VALUES(50,10,'10-CITY-5');
INSERT INTO CITY(CITY_ID,STATE_ID,CITY_NAME) VALUES(51,11,'11-CITY-1');
INSERT INTO CITY(CITY_ID,STATE_ID,CITY_NAME) VALUES(52,11,'11-CITY-2');
INSERT INTO CITY(CITY_ID,STATE_ID,CITY_NAME) VALUES(53,11,'11-CITY-3');
INSERT INTO CITY(CITY_ID,STATE_ID,CITY_NAME) VALUES(54,11,'11-CITY-4');
INSERT INTO CITY(CITY_ID,STATE_ID,CITY_NAME) VALUES(55,11,'11-CITY-5');
INSERT INTO CITY(CITY_ID,STATE_ID,CITY_NAME) VALUES(56,12,'12-CITY-1');
INSERT INTO CITY(CITY_ID,STATE_ID,CITY_NAME) VALUES(57,12,'12-CITY-2');
INSERT INTO CITY(CITY_ID,STATE_ID,CITY_NAME) VALUES(58,12,'12-CITY-3');
INSERT INTO CITY(CITY_ID,STATE_ID,CITY_NAME) VALUES(59,12,'12-CITY-4');
INSERT INTO CITY(CITY_ID,STATE_ID,CITY_NAME) VALUES(60,12,'12-CITY-5');
INSERT INTO CITY(CITY_ID,STATE_ID,CITY_NAME) VALUES(61,13,'13-CITY-1');
INSERT INTO CITY(CITY_ID,STATE_ID,CITY_NAME) VALUES(62,13,'13-CITY-2');
INSERT INTO CITY(CITY_ID,STATE_ID,CITY_NAME) VALUES(63,13,'13-CITY-3');
INSERT INTO CITY(CITY_ID,STATE_ID,CITY_NAME) VALUES(64,13,'13-CITY-4');
INSERT INTO CITY(CITY_ID,STATE_ID,CITY_NAME) VALUES(65,13,'13-CITY-5');
INSERT INTO CITY(CITY_ID,STATE_ID,CITY_NAME) VALUES(66,14,'14-CITY-1');
INSERT INTO CITY(CITY_ID,STATE_ID,CITY_NAME) VALUES(67,14,'14-CITY-2');
INSERT INTO CITY(CITY_ID,STATE_ID,CITY_NAME) VALUES(68,14,'14-CITY-3');
INSERT INTO CITY(CITY_ID,STATE_ID,CITY_NAME) VALUES(69,14,'14-CITY-4');
INSERT INTO CITY(CITY_ID,STATE_ID,CITY_NAME) VALUES(70,14,'14-CITY-5');
INSERT INTO CITY(CITY_ID,STATE_ID,CITY_NAME) VALUES(71,15,'15-CITY-1');
INSERT INTO CITY(CITY_ID,STATE_ID,CITY_NAME) VALUES(72,15,'15-CITY-2');
INSERT INTO CITY(CITY_ID,STATE_ID,CITY_NAME) VALUES(73,15,'15-CITY-3');
INSERT INTO CITY(CITY_ID,STATE_ID,CITY_NAME) VALUES(74,15,'15-CITY-4');
INSERT INTO CITY(CITY_ID,STATE_ID,CITY_NAME) VALUES(75,15,'15-CITY-5');
INSERT INTO CITY(CITY_ID,STATE_ID,CITY_NAME) VALUES(76,16,'16-CITY-1');
INSERT INTO CITY(CITY_ID,STATE_ID,CITY_NAME) VALUES(77,16,'16-CITY-2');
INSERT INTO CITY(CITY_ID,STATE_ID,CITY_NAME) VALUES(78,16,'16-CITY-3');
INSERT INTO CITY(CITY_ID,STATE_ID,CITY_NAME) VALUES(79,16,'16-CITY-4');
INSERT INTO CITY(CITY_ID,STATE_ID,CITY_NAME) VALUES(80,16,'16-CITY-5');
INSERT INTO CITY(CITY_ID,STATE_ID,CITY_NAME) VALUES(81,17,'17-CITY-1');
INSERT INTO CITY(CITY_ID,STATE_ID,CITY_NAME) VALUES(82,17,'17-CITY-2');
INSERT INTO CITY(CITY_ID,STATE_ID,CITY_NAME) VALUES(83,17,'17-CITY-3');
INSERT INTO CITY(CITY_ID,STATE_ID,CITY_NAME) VALUES(84,17,'17-CITY-4');
INSERT INTO CITY(CITY_ID,STATE_ID,CITY_NAME) VALUES(85,17,'17-CITY-5');
INSERT INTO CITY(CITY_ID,STATE_ID,CITY_NAME) VALUES(86,18,'18-CITY-1');
INSERT INTO CITY(CITY_ID,STATE_ID,CITY_NAME) VALUES(87,18,'18-CITY-2');
INSERT INTO CITY(CITY_ID,STATE_ID,CITY_NAME) VALUES(88,18,'18-CITY-3');
INSERT INTO CITY(CITY_ID,STATE_ID,CITY_NAME) VALUES(89,18,'18-CITY-4');
INSERT INTO CITY(CITY_ID,STATE_ID,CITY_NAME) VALUES(90,18,'18-CITY-5');
INSERT INTO CITY(CITY_ID,STATE_ID,CITY_NAME) VALUES(91,19,'19-CITY-1');
INSERT INTO CITY(CITY_ID,STATE_ID,CITY_NAME) VALUES(92,19,'19-CITY-2');
INSERT INTO CITY(CITY_ID,STATE_ID,CITY_NAME) VALUES(93,19,'19-CITY-3');
INSERT INTO CITY(CITY_ID,STATE_ID,CITY_NAME) VALUES(94,19,'19-CITY-4');
INSERT INTO CITY(CITY_ID,STATE_ID,CITY_NAME) VALUES(95,19,'19-CITY-5');
INSERT INTO CITY(CITY_ID,STATE_ID,CITY_NAME) VALUES(96,20,'20-CITY-1');
INSERT INTO CITY(CITY_ID,STATE_ID,CITY_NAME) VALUES(97,20,'20-CITY-2');
INSERT INTO CITY(CITY_ID,STATE_ID,CITY_NAME) VALUES(98,20,'20-CITY-3');
INSERT INTO CITY(CITY_ID,STATE_ID,CITY_NAME) VALUES(99,20,'20-CITY-4');
INSERT INTO CITY(CITY_ID,STATE_ID,CITY_NAME) VALUES(100,20,'20-CITY-5');
INSERT INTO CITY(CITY_ID,STATE_ID,CITY_NAME) VALUES(101,21,'21-CITY-1');
INSERT INTO CITY(CITY_ID,STATE_ID,CITY_NAME) VALUES(102,21,'21-CITY-2');
INSERT INTO CITY(CITY_ID,STATE_ID,CITY_NAME) VALUES(103,21,'21-CITY-3');
INSERT INTO CITY(CITY_ID,STATE_ID,CITY_NAME) VALUES(104,21,'21-CITY-4');
INSERT INTO CITY(CITY_ID,STATE_ID,CITY_NAME) VALUES(105,21,'21-CITY-5');
INSERT INTO CITY(CITY_ID,STATE_ID,CITY_NAME) VALUES(106,22,'22-CITY-1');
INSERT INTO CITY(CITY_ID,STATE_ID,CITY_NAME) VALUES(107,22,'22-CITY-2');
INSERT INTO CITY(CITY_ID,STATE_ID,CITY_NAME) VALUES(108,22,'22-CITY-3');
INSERT INTO CITY(CITY_ID,STATE_ID,CITY_NAME) VALUES(109,22,'22-CITY-4');
INSERT INTO CITY(CITY_ID,STATE_ID,CITY_NAME) VALUES(110,22,'22-CITY-5');
INSERT INTO CITY(CITY_ID,STATE_ID,CITY_NAME) VALUES(111,23,'23-CITY-1');
INSERT INTO CITY(CITY_ID,STATE_ID,CITY_NAME) VALUES(112,23,'23-CITY-2');
INSERT INTO CITY(CITY_ID,STATE_ID,CITY_NAME) VALUES(113,23,'23-CITY-3');
INSERT INTO CITY(CITY_ID,STATE_ID,CITY_NAME) VALUES(114,23,'23-CITY-4');
INSERT INTO CITY(CITY_ID,STATE_ID,CITY_NAME) VALUES(115,23,'23-CITY-5');
INSERT INTO CITY(CITY_ID,STATE_ID,CITY_NAME) VALUES(116,24,'24-CITY-1');
INSERT INTO CITY(CITY_ID,STATE_ID,CITY_NAME) VALUES(117,24,'24-CITY-2');
INSERT INTO CITY(CITY_ID,STATE_ID,CITY_NAME) VALUES(118,24,'24-CITY-3');
INSERT INTO CITY(CITY_ID,STATE_ID,CITY_NAME) VALUES(119,24,'24-CITY-4');
INSERT INTO CITY(CITY_ID,STATE_ID,CITY_NAME) VALUES(120,24,'24-CITY-5');
INSERT INTO CITY(CITY_ID,STATE_ID,CITY_NAME) VALUES(121,25,'25-CITY-1');
INSERT INTO CITY(CITY_ID,STATE_ID,CITY_NAME) VALUES(122,25,'25-CITY-2');
INSERT INTO CITY(CITY_ID,STATE_ID,CITY_NAME) VALUES(123,25,'25-CITY-3');
INSERT INTO CITY(CITY_ID,STATE_ID,CITY_NAME) VALUES(124,25,'25-CITY-4');
INSERT INTO CITY(CITY_ID,STATE_ID,CITY_NAME) VALUES(125,25,'25-CITY-5');





int id=1;
for(int i=1;i<=25:i++){
	for(int j=1;j<=2:j++)
		System.out.println("INSERT INTO CITY(CITY_ID,STATE_ID,CITY_NAME) VALUES("+(id++)+","+i+",'"+i+"-CITY-"+j+"');");
}

INSERT INTO CITY(CITY_ID,STATE_ID,CITY_NAME) VALUES(1,1,'1-CITY-1');
INSERT INTO CITY(CITY_ID,STATE_ID,CITY_NAME) VALUES(2,1,'1-CITY-2');